--Tabela espécies
INSERT INTO especie (nome, cuidados_especificos, id_especie) VALUES ('Canina', 'Evitar exposição prolongada ao calor. Alimentação balanceada.', 1);
INSERT INTO especie (nome, cuidados_especificos, id_especie) VALUES ('Felina', 'Necessita de arranhadores. Dieta rica em proteínas.', 2);
INSERT INTO especie (nome, cuidados_especificos, id_especie) VALUES ('Ave', 'Gaiola espaçosa. Banhos regulares.', 3);
INSERT INTO especie (nome, cuidados_especificos, id_especie) VALUES ('Roedor', 'Alojamento seguro. Ração específica.', 4);
INSERT INTO especie (nome, cuidados_especificos, id_especie) VALUES ('Réptil', 'Terrário com controle de temperatura.', 5);
INSERT INTO especie (nome, cuidados_especificos, id_especie) VALUES ('Peixe', 'Água tratada. Controle de pH.', 6);
INSERT INTO especie (nome, cuidados_especificos, id_especie) VALUES ('Equina', 'Exercícios diários. Ferraduras regulares.', 7);
INSERT INTO especie (nome, cuidados_especificos, id_especie) VALUES ('Bovina', 'Pastagem ampla. Vacinação em dia.', 8);
INSERT INTO especie (nome, cuidados_especificos, id_especie) VALUES ('Suína', 'Alimentação controlada. Espaço limpo.', 9);
INSERT INTO especie (nome, cuidados_especificos, id_especie) VALUES ('Caprina', 'Proteção contra parasitas. Suplementação mineral.', 10);
INSERT INTO especie (nome, cuidados_especificos, id_especie) VALUES ('Ovídea', 'Tosquia anual. Controle de parasitas.', 11);
INSERT INTO especie (nome, cuidados_especificos, id_especie) VALUES ('Coelho', 'Alimentação rica em fibras. Espaço para saltar.', 12);
INSERT INTO especie (nome, cuidados_especificos, id_especie) VALUES ('Ferrets', 'Gaiola multiníveis. Dieta carnívora.', 13);
INSERT INTO especie (nome, cuidados_especificos, id_especie) VALUES ('Tartaruga', 'Exposição à luz UV. Área seca e úmida.', 14);
INSERT INTO especie (nome, cuidados_especificos, id_especie) VALUES ('Hamster', 'Roda de exercício. Alimentação variada.', 15);
INSERT INTO especie (nome, cuidados_especificos, id_especie) VALUES ('Porquinho-da-índia', 'Vitamina C diária. Feno sempre disponível.', 16);
INSERT INTO especie (nome, cuidados_especificos, id_especie) VALUES ('Chinchila', 'Banho de areia. Ambiente fresco.', 17);
INSERT INTO especie (nome, cuidados_especificos, id_especie) VALUES ('Iguana', 'Luz UVB. Dieta vegetariana balanceada.', 18);
INSERT INTO especie (nome, cuidados_especificos, id_especie) VALUES ('Cobra', 'Terrário seguro. Controle de umidade.', 19);
INSERT INTO especie (nome, cuidados_especificos, id_especie) VALUES ('Lagarto', 'Gradiente térmico. Insetos como alimento.', 20);
INSERT INTO especie (nome, cuidados_especificos, id_especie) VALUES ('Pássaro Canoro', 'Estimulação mental. Espaço para voar.', 21);
INSERT INTO especie (nome, cuidados_especificos, id_especie) VALUES ('Papagaio', 'Interação social. Brinquedos para bicar.', 22);
INSERT INTO especie (nome, cuidados_especificos, id_especie) VALUES ('Calopsita', 'Companhia. Alimentação variada.', 23);
INSERT INTO especie (nome, cuidados_especificos, id_especie) VALUES ('Periquito', 'Gaiola horizontal. Vegetais frescos.', 24);
INSERT INTO especie (nome, cuidados_especificos, id_especie) VALUES ('Cacatua', 'Atenção constante. Espaço amplo.', 25);
INSERT INTO especie (nome, cuidados_especificos, id_especie) VALUES ('Pônei', 'Exercícios regulares. Cuidados com cascos.', 26);
INSERT INTO especie (nome, cuidados_especificos, id_especie) VALUES ('Asno', 'Proteção contra calor. Alimentação fibrosa.', 27);
INSERT INTO especie (nome, cuidados_especificos, id_especie) VALUES ('Búfalo', 'Água abundante. Sombra disponível.', 28);
INSERT INTO especie (nome, cuidados_especificos, id_especie) VALUES ('Camelo', 'Proteção contra frio. Alimentação especial.', 29);
INSERT INTO especie (nome, cuidados_especificos, id_especie) VALUES ('Lhama', 'Toalete regular. Dieta balanceada.', 30);
INSERT INTO especie (nome, cuidados_especificos, id_especie) VALUES ('Alpaca', 'Tosquia anual. Cuidados com fibra.', 31);
INSERT INTO especie (nome, cuidados_especificos, id_especie) VALUES ('Ganso', 'Água para nadar. Alimentação verde.', 32);
INSERT INTO especie (nome, cuidados_especificos, id_especie) VALUES ('Pato', 'Lago ou piscina. Dieta específica.', 33);
INSERT INTO especie (nome, cuidados_especificos, id_especie) VALUES ('Galinha', 'Abrigo seguro. Alimentação balanceada.', 34);
INSERT INTO especie (nome, cuidados_especificos, id_especie) VALUES ('Peru', 'Espaço para ciscar. Dieta rica em proteínas.', 35);
INSERT INTO especie (nome, cuidados_especificos, id_especie) VALUES ('Pombo', 'Pombal limpo. Grãos variados.', 36);
INSERT INTO especie (nome, cuidados_especificos, id_especie) VALUES ('Faisão', 'Viveiro espaçoso. Dieta especializada.', 37);
INSERT INTO especie (nome, cuidados_especificos, id_especie) VALUES ('Avestruz', 'Área extensa. Suplementação mineral.', 38);
INSERT INTO especie (nome, cuidados_especificos, id_especie) VALUES ('Ema', 'Cercado seguro. Alimentação controlada.', 39);
INSERT INTO especie (nome, cuidados_especificos, id_especie) VALUES ('Dragão', 'Se não for Targaryen, nem tente.', 40);

--Dono
INSERT INTO dono (cpf, nome, telefone, email, endereco, data_cadastro) VALUES ('12345678900', 'João da Silva', '(11)91234-5678', 'joao@email.com', 'Rua das Flores, 123', '2025-07-18');
INSERT INTO dono (cpf, nome, telefone, email, endereco, data_cadastro) VALUES ('23456789011', 'Maria Oliveira', '(11)92345-6789', 'maria@email.com', 'Avenida Paulista, 1001', '2025-07-18');
INSERT INTO dono (cpf, nome, telefone, email, endereco, data_cadastro) VALUES ('34567890122', 'Carlos Souza', '(11)93456-7890', 'carlos@email.com', 'Rua Augusta, 500', '2025-07-19');
INSERT INTO dono (cpf, nome, telefone, email, endereco, data_cadastro) VALUES ('45678901233', 'Ana Santos', '(11)94567-8901', 'ana@email.com', 'Alameda Santos, 200', '2025-07-19');
INSERT INTO dono (cpf, nome, telefone, email, endereco, data_cadastro) VALUES ('56789012344', 'Pedro Costa', '(11)95678-9012', 'pedro@email.com', 'Rua Oscar Freire, 300', '2025-07-20');
INSERT INTO dono (cpf, nome, telefone, email, endereco, data_cadastro) VALUES ('67890123455', 'Lucia Ferreira', '(11)96789-0123', 'lucia@email.com', 'Avenida Brigadeiro Faria Lima, 1500', '2025-07-20');
INSERT INTO dono (cpf, nome, telefone, email, endereco, data_cadastro) VALUES ('78901234566', 'Marcos Rocha', '(11)97890-1234', 'marcos@email.com', 'Rua Haddock Lobo, 400', '2025-07-21');
INSERT INTO dono (cpf, nome, telefone, email, endereco, data_cadastro) VALUES ('89012345677', 'Fernanda Lima', '(11)98901-2345', 'fernanda@email.com', 'Alameda Jaú, 600', '2025-07-21');
INSERT INTO dono (cpf, nome, telefone, email, endereco, data_cadastro) VALUES ('90123456788', 'Ricardo Alves', '(11)99012-3456', 'ricardo@email.com', 'Rua Pamplona, 700', '2025-07-22');
INSERT INTO dono (cpf, nome, telefone, email, endereco, data_cadastro) VALUES ('01234567899', 'Patricia Gomes', '(11)90123-4567', 'patricia@email.com', 'Avenida Rebouças, 800', '2025-07-22');
INSERT INTO dono (cpf, nome, telefone, email, endereco, data_cadastro) VALUES ('11223344556', 'Roberto Nunes', '(21)91234-5678', 'roberto@email.com', 'Rua do Catete, 200', '2025-07-23');
INSERT INTO dono (cpf, nome, telefone, email, endereco, data_cadastro) VALUES ('22334455667', 'Juliana Castro', '(21)92345-6789', 'juliana@email.com', 'Avenida Atlântica, 100', '2025-07-23');
INSERT INTO dono (cpf, nome, telefone, email, endereco, data_cadastro) VALUES ('33445566778', 'Antonio Mendes', '(21)93456-7890', 'antonio@email.com', 'Rua Visconde de Pirajá, 500', '2025-07-24');
INSERT INTO dono (cpf, nome, telefone, email, endereco, data_cadastro) VALUES ('44556677889', 'Beatriz Ramos', '(21)94567-8901', 'beatriz@email.com', 'Rua Barata Ribeiro, 300', '2025-07-24');
INSERT INTO dono (cpf, nome, telefone, email, endereco, data_cadastro) VALUES ('55667788990', 'Eduardo Silva', '(21)95678-9012', 'eduardo@email.com', 'Avenida Nossa Senhora de Copacabana, 700', '2025-07-25');
INSERT INTO dono (cpf, nome, telefone, email, endereco, data_cadastro) VALUES ('66778899001', 'Camila Oliveira', '(21)96789-0123', 'camila@email.com', 'Rua Siqueira Campos, 150', '2025-07-25');
INSERT INTO dono (cpf, nome, telefone, email, endereco, data_cadastro) VALUES ('77889900112', 'Gustavo Pereira', '(21)97890-1234', 'gustavo@email.com', 'Rua Tonelero, 250', '2025-07-26');
INSERT INTO dono (cpf, nome, telefone, email, endereco, data_cadastro) VALUES ('88990011223', 'Mariana Costa', '(21)98901-2345', 'mariana@email.com', 'Avenida Vieira Souto, 400', '2025-07-26');
INSERT INTO dono (cpf, nome, telefone, email, endereco, data_cadastro) VALUES ('99001112234', 'Rodrigo Santos', '(21)99012-3456', 'rodrigo@email.com', 'Rua Farme de Amoedo, 100', '2025-07-27');
INSERT INTO dono (cpf, nome, telefone, email, endereco, data_cadastro) VALUES ('00112233445', 'Vanessa Lima', '(21)90123-4567', 'vanessa@email.com', 'Rua Dias Ferreira, 200', '2025-07-27');
INSERT INTO dono (cpf, nome, telefone, email, endereco, data_cadastro) VALUES ('12121212121', 'Felipe Rocha', '(31)91234-5678', 'felipe@email.com', 'Avenida Afonso Pena, 1000', '2025-07-28');
INSERT INTO dono (cpf, nome, telefone, email, endereco, data_cadastro) VALUES ('23232323232', 'Amanda Almeida', '(31)92345-6789', 'amanda@email.com', 'Rua da Bahia, 500', '2025-07-28');
INSERT INTO dono (cpf, nome, telefone, email, endereco, data_cadastro) VALUES ('34343434343', 'Lucas Carvalho', '(31)93456-7890', 'lucas@email.com', 'Avenida do Contorno, 2000', '2025-07-29');
INSERT INTO dono (cpf, nome, telefone, email, endereco, data_cadastro) VALUES ('45454545454', 'Isabela Fernandes', '(31)94567-8901', 'isabela@email.com', 'Rua Tupinambás, 300', '2025-07-29');
INSERT INTO dono (cpf, nome, telefone, email, endereco, data_cadastro) VALUES ('56565656565', 'Daniel Gonçalves', '(31)95678-9012', 'daniel@email.com', 'Avenida Amazonas, 1500', '2025-07-30');
INSERT INTO dono (cpf, nome, telefone, email, endereco, data_cadastro) VALUES ('67676767676', 'Laura Martins', '(31)96789-0123', 'laura@email.com', 'Rua Espírito Santo, 400', '2025-07-30');
INSERT INTO dono (cpf, nome, telefone, email, endereco, data_cadastro) VALUES ('78787878787', 'Thiago Ribeiro', '(31)97890-1234', 'thiago@email.com', 'Avenida Bias Fortes, 600', '2025-07-31');
INSERT INTO dono (cpf, nome, telefone, email, endereco, data_cadastro) VALUES ('89898989898', 'Carolina Dias', '(31)98901-2345', 'carolina@email.com', 'Rua Curitiba, 800', '2025-07-31');
INSERT INTO dono (cpf, nome, telefone, email, endereco, data_cadastro) VALUES ('90909090909', 'Marcelo Nascimento', '(31)99012-3456', 'marcelo@email.com', 'Avenida Cristóvão Colombo, 700', '2025-08-01');
INSERT INTO dono (cpf, nome, telefone, email, endereco, data_cadastro) VALUES ('01010101010', 'Tatiane Souza', '(31)90123-4567', 'tatiane@email.com', 'Rua Cláudio Manoel, 200', '2025-08-01');
INSERT INTO dono (cpf, nome, telefone, email, endereco, data_cadastro) VALUES ('11122233344', 'Rafaela Barbosa', '(41)91234-5678', 'rafaela@email.com', 'Avenida Sete de Setembro, 1000', '2025-08-02');
INSERT INTO dono (cpf, nome, telefone, email, endereco, data_cadastro) VALUES ('22233344455', 'Bruno Castro', '(41)92345-6789', 'bruno@email.com', 'Rua XV de Novembro, 500', '2025-08-02');
INSERT INTO dono (cpf, nome, telefone, email, endereco, data_cadastro) VALUES ('33344455566', 'Viviane Lima', '(41)93456-7890', 'viviane@email.com', 'Avenida República Argentina, 2000', '2025-08-03');
INSERT INTO dono (cpf, nome, telefone, email, endereco, data_cadastro) VALUES ('44455566677', 'Diego Oliveira', '(41)94567-8901', 'diego@email.com', 'Rua Marechal Deodoro, 300', '2025-08-03');
INSERT INTO dono (cpf, nome, telefone, email, endereco, data_cadastro) VALUES ('55566677788', 'Adriana Silva', '(41)95678-9012', 'adriana@email.com', 'Avenida Visconde de Guarapuava, 1500', '2025-08-04');
INSERT INTO dono (cpf, nome, telefone, email, endereco, data_cadastro) VALUES ('66677788899', 'Leandro Costa', '(41)96789-0123', 'leandro@email.com', 'Rua Voluntários da Pátria, 400', '2025-08-04');
INSERT INTO dono (cpf, nome, telefone, email, endereco, data_cadastro) VALUES ('77788899900', 'Priscila Santos', '(41)97890-1234', 'priscila@email.com', 'Avenida Silva Jardim, 600', '2025-08-05');
INSERT INTO dono (cpf, nome, telefone, email, endereco, data_cadastro) VALUES ('88899900011', 'Henrique Pereira', '(41)98901-2345', 'henrique@email.com', 'Rua José Bonifácio, 800', '2025-08-05');
INSERT INTO dono (cpf, nome, telefone, email, endereco, data_cadastro) VALUES ('99900011122', 'Monique Alves', '(41)99012-3456', 'monique@email.com', 'Avenida Batel, 700', '2025-08-06');
INSERT INTO dono (cpf, nome, telefone, email, endereco, data_cadastro) VALUES ('00011122233', 'Alexandre Gomes', '(41)90123-4567', 'alexandre@email.com', 'Rua Chile, 200', '2025-08-06');
INSERT INTO dono (cpf, nome, telefone, email, endereco, data_cadastro) VALUES ('23410316304', 'Aegon.T', '(41)90123-4567', 'esteregg@gmail.com', 'Antiga Valyria', '2023-01-15');

--Veterinario
INSERT INTO veterinario (crmv, nome, especialidade) VALUES ('SP1234', 'Dra. Maria Oliveira', 1);
INSERT INTO veterinario (crmv, nome, especialidade) VALUES ('SP2345', 'Dr. Carlos Mendes', 2);
INSERT INTO veterinario (crmv, nome, especialidade) VALUES ('SP3456', 'Dra. Ana Santos', 3);
INSERT INTO veterinario (crmv, nome, especialidade) VALUES ('SP4567', 'Dr. Pedro Costa', 4);
INSERT INTO veterinario (crmv, nome, especialidade) VALUES ('SP5678', 'Dra. Lucia Ferreira', 5);
INSERT INTO veterinario (crmv, nome, especialidade) VALUES ('RJ1234', 'Dr. Marcos Rocha', 6);
INSERT INTO veterinario (crmv, nome, especialidade) VALUES ('RJ2345', 'Dra. Fernanda Lima', 7);
INSERT INTO veterinario (crmv, nome, especialidade) VALUES ('RJ3456', 'Dr. Ricardo Alves', 8);
INSERT INTO veterinario (crmv, nome, especialidade) VALUES ('RJ4567', 'Dra. Patricia Gomes', 9);
INSERT INTO veterinario (crmv, nome, especialidade) VALUES ('RJ5678', 'Dr. Roberto Nunes', 10);
INSERT INTO veterinario (crmv, nome, especialidade) VALUES ('MG1234', 'Dra. Juliana Castro', 11);
INSERT INTO veterinario (crmv, nome, especialidade) VALUES ('MG2345', 'Dr. Antonio Mendes', 12);
INSERT INTO veterinario (crmv, nome, especialidade) VALUES ('MG3456', 'Dra. Beatriz Ramos', 13);
INSERT INTO veterinario (crmv, nome, especialidade) VALUES ('MG4567', 'Dr. Eduardo Silva', 14);
INSERT INTO veterinario (crmv, nome, especialidade) VALUES ('MG5678', 'Dra. Camila Oliveira', 15);
INSERT INTO veterinario (crmv, nome, especialidade) VALUES ('PR1234', 'Dr. Gustavo Pereira', 16);
INSERT INTO veterinario (crmv, nome, especialidade) VALUES ('PR2345', 'Dra. Mariana Costa', 17);
INSERT INTO veterinario (crmv, nome, especialidade) VALUES ('PR3456', 'Dr. Rodrigo Santos', 18);
INSERT INTO veterinario (crmv, nome, especialidade) VALUES ('PR4567', 'Dra. Vanessa Lima', 19);
INSERT INTO veterinario (crmv, nome, especialidade) VALUES ('PR5678', 'Dr. Felipe Rocha', 20);
INSERT INTO veterinario (crmv, nome, especialidade) VALUES ('SC1234', 'Dra. Amanda Almeida', 21);
INSERT INTO veterinario (crmv, nome, especialidade) VALUES ('SC2345', 'Dr. Lucas Carvalho', 22);
INSERT INTO veterinario (crmv, nome, especialidade) VALUES ('SC3456', 'Dra. Isabela Fernandes', 23);
INSERT INTO veterinario (crmv, nome, especialidade) VALUES ('SC4567', 'Dr. Daniel Gonçalves', 24);
INSERT INTO veterinario (crmv, nome, especialidade) VALUES ('SC5678', 'Dra. Laura Martins', 25);
INSERT INTO veterinario (crmv, nome, especialidade) VALUES ('RS1234', 'Dr. Thiago Ribeiro', 26);
INSERT INTO veterinario (crmv, nome, especialidade) VALUES ('RS2345', 'Dra. Carolina Dias', 27);
INSERT INTO veterinario (crmv, nome, especialidade) VALUES ('RS3456', 'Dr. Marcelo Nascimento', 28);
INSERT INTO veterinario (crmv, nome, especialidade) VALUES ('RS4567', 'Dra. Tatiane Souza', 29);
INSERT INTO veterinario (crmv, nome, especialidade) VALUES ('RS5678', 'Dr. Rafael Barbosa', 30);
INSERT INTO veterinario (crmv, nome, especialidade) VALUES ('BA1234', 'Dra. Viviane Lima', 31);
INSERT INTO veterinario (crmv, nome, especialidade) VALUES ('BA2345', 'Dr. Diego Oliveira', 32);
INSERT INTO veterinario (crmv, nome, especialidade) VALUES ('BA3456', 'Dra. Adriana Silva', 33);
INSERT INTO veterinario (crmv, nome, especialidade) VALUES ('BA4567', 'Dr. Leandro Costa', 34);
INSERT INTO veterinario (crmv, nome, especialidade) VALUES ('BA5678', 'Dra. Priscila Santos', 35);
INSERT INTO veterinario (crmv, nome, especialidade) VALUES ('ES1234', 'Dr. Henrique Pereira', 36);
INSERT INTO veterinario (crmv, nome, especialidade) VALUES ('ES2345', 'Dra. Monique Alves', 37);
INSERT INTO veterinario (crmv, nome, especialidade) VALUES ('ES3456', 'Dr. Alexandre Gomes', 38);
INSERT INTO veterinario (crmv, nome, especialidade) VALUES ('ES4567', 'Dra. Bianca Castro', 39);
INSERT INTO veterinario (crmv, nome, especialidade) VALUES ('ES9512', 'Dr. Denini', 40);

--Animal
INSERT INTO animal (nome, id_animal, raca, data_nascimento, cpf_dono, id_especie) VALUES ('Rex', 1, 'Labrador', '2020-05-10', '12345678900', 1);
INSERT INTO animal (nome, id_animal, raca, data_nascimento, cpf_dono, id_especie) VALUES ('Luna', 2, 'Siamês', '2019-11-15', '23456789011', 2);
INSERT INTO animal (nome, id_animal, raca, data_nascimento, cpf_dono, id_especie) VALUES ('Piu', 3, 'Calopsita', '2021-02-20', '34567890122', 3);
INSERT INTO animal (nome, id_animal, raca, data_nascimento, cpf_dono, id_especie) VALUES ('Floquinho', 4, 'Hamster Sírio', '2022-01-05', '45678901233', 4);
INSERT INTO animal (nome, id_animal, raca, data_nascimento, cpf_dono, id_especie) VALUES ('Thor', 5, 'Pastor Alemão', '2018-07-12', '56789012344', 1);
INSERT INTO animal (nome, id_animal, raca, data_nascimento, cpf_dono, id_especie) VALUES ('Mingau', 6, 'Persa', '2020-03-25', '67890123455', 2);
INSERT INTO animal (nome, id_animal, raca, data_nascimento, cpf_dono, id_especie) VALUES ('Zé', 7, 'Periquito Australiano', '2021-08-30', '78901234566', 3);
INSERT INTO animal (nome, id_animal, raca, data_nascimento, cpf_dono, id_especie) VALUES ('Nina', 8, 'Porquinho-da-índia', '2022-04-18', '89012345677', 4);
INSERT INTO animal (nome, id_animal, raca, data_nascimento, cpf_dono, id_especie) VALUES ('Bolt', 9, 'Beagle', '2019-10-05', '90123456788', 1);
INSERT INTO animal (nome, id_animal, raca, data_nascimento, cpf_dono, id_especie) VALUES ('Mel', 10, 'Maine Coon', '2018-12-15', '01234567899', 2);
INSERT INTO animal (nome, id_animal, raca, data_nascimento, cpf_dono, id_especie) VALUES ('Pérola', 11, 'Papagaio-verdadeiro', '2020-06-22', '11223344556', 3);
INSERT INTO animal (nome, id_animal, raca, data_nascimento, cpf_dono, id_especie) VALUES ('Tico', 12, 'Chinchila', '2021-09-10', '22334455667', 4);
INSERT INTO animal (nome, id_animal, raca, data_nascimento, cpf_dono, id_especie) VALUES ('Max', 13, 'Golden Retriever', '2017-04-03', '33445566778', 1);
INSERT INTO animal (nome, id_animal, raca, data_nascimento, cpf_dono, id_especie) VALUES ('Bela', 14, 'Sphynx', '2019-01-28', '44556677889', 2);
INSERT INTO animal (nome, id_animal, raca, data_nascimento, cpf_dono, id_especie) VALUES ('Loro', 15, 'Cacatua', '2018-11-17', '55667788990', 3);
INSERT INTO animal (nome, id_animal, raca, data_nascimento, cpf_dono, id_especie) VALUES ('Pipoca', 16, 'Gerbil', '2022-02-14', '66778899001', 4);
INSERT INTO animal (nome, id_animal, raca, data_nascimento, cpf_dono, id_especie) VALUES ('Luke', 17, 'Dálmata', '2020-07-19', '77889900112', 1);
INSERT INTO animal (nome, id_animal, raca, data_nascimento, cpf_dono, id_especie) VALUES ('Nina', 18, 'Ragdoll', '2019-05-30', '88990011223', 2);
INSERT INTO animal (nome, id_animal, raca, data_nascimento, cpf_dono, id_especie) VALUES ('Kiwi', 19, 'Agapornis', '2021-03-08', '99001112234', 3);
INSERT INTO animal (nome, id_animal, raca, data_nascimento, cpf_dono, id_especie) VALUES ('Fofo', 20, 'Coelho Holandês', '2022-01-25', '00112233445', 4);
INSERT INTO animal (nome, id_animal, raca, data_nascimento, cpf_dono, id_especie) VALUES ('Zeca', 21, 'Bulldog Francês', '2018-09-12', '12121212121', 1);
INSERT INTO animal (nome, id_animal, raca, data_nascimento, cpf_dono, id_especie) VALUES ('Lola', 22, 'British Shorthair', '2020-04-05', '23232323232', 2);
INSERT INTO animal (nome, id_animal, raca, data_nascimento, cpf_dono, id_especie) VALUES ('Louro', 23, 'Canário', '2019-12-18', '34343434343', 3);
INSERT INTO animal (nome, id_animal, raca, data_nascimento, cpf_dono, id_especie) VALUES ('Mimi', 24, 'Furão', '2021-07-22', '45454545454', 4);
INSERT INTO animal (nome, id_animal, raca, data_nascimento, cpf_dono, id_especie) VALUES ('Bob', 25, 'Poodle', '2017-11-30', '56565656565', 1);
INSERT INTO animal (nome, id_animal, raca, data_nascimento, cpf_dono, id_especie) VALUES ('Lua', 26, 'Scottish Fold', '2019-08-15', '67676767676', 2);
INSERT INTO animal (nome, id_animal, raca, data_nascimento, cpf_dono, id_especie) VALUES ('Paco', 27, 'Arara', '2018-06-10', '78787878787', 3);
INSERT INTO animal (nome, id_animal, raca, data_nascimento, cpf_dono, id_especie) VALUES ('Bolinha', 28, 'Esquilo', '2022-03-05', '89898989898', 4);
INSERT INTO animal (nome, id_animal, raca, data_nascimento, cpf_dono, id_especie) VALUES ('Toby', 29, 'Rottweiler', '2018-02-28', '90909090909', 1);
INSERT INTO animal (nome, id_animal, raca, data_nascimento, cpf_dono, id_especie) VALUES ('Mia', 30, 'Bengal', '2020-10-12', '01010101010', 2);
INSERT INTO animal (nome, id_animal, raca, data_nascimento, cpf_dono, id_especie) VALUES ('Caco', 31, 'Periquito Inglês', '2021-05-20', '11122233344', 3);
INSERT INTO animal (nome, id_animal, raca, data_nascimento, cpf_dono, id_especie) VALUES ('Puff', 32, 'Chinchila', '2019-09-15', '22233344455', 4);
INSERT INTO animal (nome, id_animal, raca, data_nascimento, cpf_dono, id_especie) VALUES ('Rocky', 33, 'Boxer', '2017-12-05', '33344455566', 1);
INSERT INTO animal (nome, id_animal, raca, data_nascimento, cpf_dono, id_especie) VALUES ('Olívia', 34, 'Siberiano', '2019-06-18', '44455566677', 2);
INSERT INTO animal (nome, id_animal, raca, data_nascimento, cpf_dono, id_especie) VALUES ('Pé de Pano', 35, 'Pônei Shetland', '2018-04-22', '55566677788', 5);
INSERT INTO animal (nome, id_animal, raca, data_nascimento, cpf_dono, id_especie) VALUES ('Mimosa', 36, 'Vaca Jersey', '2017-03-10', '66677788899', 6);
INSERT INTO animal (nome, id_animal, raca, data_nascimento, cpf_dono, id_especie) VALUES ('Bacon', 37, 'Porco Vietnamita', '2019-11-25', '77788899900', 7);
INSERT INTO animal (nome, id_animal, raca, data_nascimento, cpf_dono, id_especie) VALUES ('Cotton', 38, 'Ovelha Merino', '2020-08-15', '88899900011', 8);
INSERT INTO animal (nome, id_animal, raca, data_nascimento, cpf_dono, id_especie) VALUES ('Balerion', 39, 'Gigante', '2020-05-10', '12345678900', 40);

--Medicamento
INSERT INTO medicamento (nome, id_medicamento, dosagem, tipo_controle) VALUES ('Amoxicilina', 1, '500mg', 'Receita Controlada');
INSERT INTO medicamento (nome, id_medicamento, dosagem, tipo_controle) VALUES ('Dipirona', 2, '1g', 'Sem Receita');
INSERT INTO medicamento (nome, id_medicamento, dosagem, tipo_controle) VALUES ('Ivermectina', 3, '1%', 'Receita Controlada');
INSERT INTO medicamento (nome, id_medicamento, dosagem, tipo_controle) VALUES ('Enrofloxacino', 4, '50mg', 'Receita Controlada');
INSERT INTO medicamento (nome, id_medicamento, dosagem, tipo_controle) VALUES ('Prednisona', 5, '20mg', 'Receita Controlada');
INSERT INTO medicamento (nome, id_medicamento, dosagem, tipo_controle) VALUES ('Doxiciclina', 6, '100mg', 'Receita Controlada');
INSERT INTO medicamento (nome, id_medicamento, dosagem, tipo_controle) VALUES ('Metronidazol', 7, '250mg', 'Receita Controlada');
INSERT INTO medicamento (nome, id_medicamento, dosagem, tipo_controle) VALUES ('Fenobarbital', 8, '30mg', 'Receita Controlada');
INSERT INTO medicamento (nome, id_medicamento, dosagem, tipo_controle) VALUES ('Carprofeno', 9, '50mg', 'Receita Controlada');
INSERT INTO medicamento (nome, id_medicamento, dosagem, tipo_controle) VALUES ('Marbofloxacino', 10, '20mg', 'Receita Controlada');
INSERT INTO medicamento (nome, id_medicamento, dosagem, tipo_controle) VALUES ('Meloxicam', 11, '15mg', 'Receita Controlada');
INSERT INTO medicamento (nome, id_medicamento, dosagem, tipo_controle) VALUES ('Tramadol', 12, '50mg', 'Receita Controlada');
INSERT INTO medicamento (nome, id_medicamento, dosagem, tipo_controle) VALUES ('Cefalexina', 13, '500mg', 'Receita Controlada');
INSERT INTO medicamento (nome, id_medicamento, dosagem, tipo_controle) VALUES ('Clindamicina', 14, '150mg', 'Receita Controlada');
INSERT INTO medicamento (nome, id_medicamento, dosagem, tipo_controle) VALUES ('Dexametasona', 15, '4mg', 'Receita Controlada');
INSERT INTO medicamento (nome, id_medicamento, dosagem, tipo_controle) VALUES ('Furosemida', 16, '40mg', 'Receita Controlada');
INSERT INTO medicamento (nome, id_medicamento, dosagem, tipo_controle) VALUES ('Gentamicina', 17, '80mg', 'Receita Controlada');
INSERT INTO medicamento (nome, id_medicamento, dosagem, tipo_controle) VALUES ('Ketoprofeno', 18, '100mg', 'Receita Controlada');
INSERT INTO medicamento (nome, id_medicamento, dosagem, tipo_controle) VALUES ('Levamisol', 19, '150mg', 'Receita Controlada');
INSERT INTO medicamento (nome, id_medicamento, dosagem, tipo_controle) VALUES ('Metacam', 20, '5mg', 'Receita Controlada');
INSERT INTO medicamento (nome, id_medicamento, dosagem, tipo_controle) VALUES ('Omeprazol', 21, '20mg', 'Sem Receita');
INSERT INTO medicamento (nome, id_medicamento, dosagem, tipo_controle) VALUES ('Praziquantel', 22, '600mg', 'Receita Controlada');
INSERT INTO medicamento (nome, id_medicamento, dosagem, tipo_controle) VALUES ('Ranitidina', 23, '150mg', 'Sem Receita');
INSERT INTO medicamento (nome, id_medicamento, dosagem, tipo_controle) VALUES ('Selamectina', 24, '45mg', 'Receita Controlada');
INSERT INTO medicamento (nome, id_medicamento, dosagem, tipo_controle) VALUES ('Tiamina', 25, '100mg', 'Sem Receita');
INSERT INTO medicamento (nome, id_medicamento, dosagem, tipo_controle) VALUES ('Tilosina', 26, '500mg', 'Receita Controlada');
INSERT INTO medicamento (nome, id_medicamento, dosagem, tipo_controle) VALUES ('Tramal', 27, '50mg', 'Receita Controlada');
INSERT INTO medicamento (nome, id_medicamento, dosagem, tipo_controle) VALUES ('Vitamina B12', 28, '1000mcg', 'Sem Receita');
INSERT INTO medicamento (nome, id_medicamento, dosagem, tipo_controle) VALUES ('Amitraz', 29, '12,5%', 'Receita Controlada');
INSERT INTO medicamento (nome, id_medicamento, dosagem, tipo_controle) VALUES ('Atropina', 30, '1mg', 'Receita Controlada');
INSERT INTO medicamento (nome, id_medicamento, dosagem, tipo_controle) VALUES ('Butorfanol', 31, '10mg', 'Receita Controlada');
INSERT INTO medicamento (nome, id_medicamento, dosagem, tipo_controle) VALUES ('Ceftiofur', 32, '50mg', 'Receita Controlada');
INSERT INTO medicamento (nome, id_medicamento, dosagem, tipo_controle) VALUES ('Diazepam', 33, '10mg', 'Receita Controlada');
INSERT INTO medicamento (nome, id_medicamento, dosagem, tipo_controle) VALUES ('Eprinomectina', 34, '5mg', 'Receita Controlada');
INSERT INTO medicamento (nome, id_medicamento, dosagem, tipo_controle) VALUES ('Florfenicol', 35, '300mg', 'Receita Controlada');
INSERT INTO medicamento (nome, id_medicamento, dosagem, tipo_controle) VALUES ('Glicose', 36, '5%', 'Sem Receita');
INSERT INTO medicamento (nome, id_medicamento, dosagem, tipo_controle) VALUES ('Hidrocortisona', 37, '1%', 'Receita Controlada');
INSERT INTO medicamento (nome, id_medicamento, dosagem, tipo_controle) VALUES ('Isoflurano', 38, '100mL', 'Receita Controlada');
INSERT INTO medicamento (nome, id_medicamento, dosagem, tipo_controle) VALUES ('Ketamina', 39, '100mg', 'Receita Controlada');
INSERT INTO medicamento (nome, id_medicamento, dosagem, tipo_controle) VALUES ('Matadagronina', 40, '100mg', 'Sem prescrição');

--Consulta
INSERT INTO consulta (id_consulta, data, diagnostico, custo, crmv_vet, id_animal, cpf_dono) VALUES (1, '2025-07-18', 'Infecção de ouvido', 150.00, 'SP1234', 1, '12345678900');
INSERT INTO consulta (id_consulta, data, diagnostico, custo, crmv_vet, id_animal, cpf_dono) VALUES (2, '2025-07-19', 'Check-up anual', 120.00, 'SP2345', 2, '23456789011');
INSERT INTO consulta (id_consulta, data, diagnostico, custo, crmv_vet, id_animal, cpf_dono) VALUES (3, '2025-07-20', 'Problemas digestivos', 100.00, 'SP3456', 3, '34567890122');
INSERT INTO consulta (id_consulta, data, diagnostico, custo, crmv_vet, id_animal, cpf_dono) VALUES (4, '2025-07-21', 'Ferimento na pata', 180.00, 'SP4567', 4, '45678901233');
INSERT INTO consulta (id_consulta, data, diagnostico, custo, crmv_vet, id_animal, cpf_dono) VALUES (5, '2025-07-22', 'Vacinação anual', 80.00, 'SP5678', 5, '56789012344');
INSERT INTO consulta (id_consulta, data, diagnostico, custo, crmv_vet, id_animal, cpf_dono) VALUES (6, '2025-07-23', 'Problemas de pele', 200.00, 'RJ1234', 6, '67890123455');
INSERT INTO consulta (id_consulta, data, diagnostico, custo, crmv_vet, id_animal, cpf_dono) VALUES (7, '2025-07-24', 'Castração', 350.00, 'RJ2345', 7, '78901234566');
INSERT INTO consulta (id_consulta, data, diagnostico, custo, crmv_vet, id_animal, cpf_dono) VALUES (8, '2025-07-25', 'Dor articular', 150.00, 'RJ3456', 8, '89012345677');
INSERT INTO consulta (id_consulta, data, diagnostico, custo, crmv_vet, id_animal, cpf_dono) VALUES (9, '2025-07-26', 'Exame de sangue', 120.00, 'RJ4567', 9, '90123456788');
INSERT INTO consulta (id_consulta, data, diagnostico, custo, crmv_vet, id_animal, cpf_dono) VALUES (10, '2025-07-27', 'Problemas respiratórios', 180.00, 'RJ5678', 10, '01234567899');
INSERT INTO consulta (id_consulta, data, diagnostico, custo, crmv_vet, id_animal, cpf_dono) VALUES (11, '2025-07-28', 'Consulta de rotina', 100.00, 'MG1234', 11, '11223344556');
INSERT INTO consulta (id_consulta, data, diagnostico, custo, crmv_vet, id_animal, cpf_dono) VALUES (12, '2025-07-29', 'Cirurgia de tumor', 500.00, 'MG2345', 12, '22334455667');
INSERT INTO consulta (id_consulta, data, diagnostico, custo, crmv_vet, id_animal, cpf_dono) VALUES (13, '2025-07-30', 'Problemas oculares', 150.00, 'MG3456', 13, '33445566778');
INSERT INTO consulta (id_consulta, data, diagnostico, custo, crmv_vet, id_animal, cpf_dono) VALUES (14, '2025-07-31', 'Vacinação múltipla', 90.00, 'MG4567', 14, '44556677889');
INSERT INTO consulta (id_consulta, data, diagnostico, custo, crmv_vet, id_animal, cpf_dono) VALUES (15, '2025-08-01', 'Intoxicação alimentar', 220.00, 'MG5678', 15, '55667788990');
INSERT INTO consulta (id_consulta, data, diagnostico, custo, crmv_vet, id_animal, cpf_dono) VALUES (16, '2025-08-02', 'Fratura exposta', 400.00, 'PR1234', 16, '66778899001');
INSERT INTO consulta (id_consulta, data, diagnostico, custo, crmv_vet, id_animal, cpf_dono) VALUES (17, '2025-08-03', 'Problemas cardíacos', 250.00, 'PR2345', 17, '77889900112');
INSERT INTO consulta (id_consulta, data, diagnostico, custo, crmv_vet, id_animal, cpf_dono) VALUES (18, '2025-08-04', 'Limpeza dentária', 180.00, 'PR3456', 18, '88990011223');
INSERT INTO consulta (id_consulta, data, diagnostico, custo, crmv_vet, id_animal, cpf_dono) VALUES (19, '2025-08-05', 'Consulta pós-operatória', 100.00, 'PR4567', 19, '99001112234');
INSERT INTO consulta (id_consulta, data, diagnostico, custo, crmv_vet, id_animal, cpf_dono) VALUES (20, '2025-08-06', 'Problemas renais', 200.00, 'PR5678', 20, '00112233445');
INSERT INTO consulta (id_consulta, data, diagnostico, custo, crmv_vet, id_animal, cpf_dono) VALUES (21, '2025-08-07', 'Vacinação antirrábica', 70.00, 'SC1234', 21, '12121212121');
INSERT INTO consulta (id_consulta, data, diagnostico, custo, crmv_vet, id_animal, cpf_dono) VALUES (22, '2025-08-08', 'Alergia alimentar', 150.00, 'SC2345', 22, '23232323232');
INSERT INTO consulta (id_consulta, data, diagnostico, custo, crmv_vet, id_animal, cpf_dono) VALUES (23, '2025-08-09', 'Problemas de comportamento', 120.00, 'SC3456', 23, '34343434343');
INSERT INTO consulta (id_consulta, data, diagnostico, custo, crmv_vet, id_animal, cpf_dono) VALUES (24, '2025-08-10', 'Cirurgia de hérnia', 380.00, 'SC4567', 24, '45454545454');
INSERT INTO consulta (id_consulta, data, diagnostico, custo, crmv_vet, id_animal, cpf_dono) VALUES (25, '2025-08-11', 'Exame de ultrassom', 280.00, 'SC5678', 25, '56565656565');
INSERT INTO consulta (id_consulta, data, diagnostico, custo, crmv_vet, id_animal, cpf_dono) VALUES (26, '2025-08-12', 'Problemas hepáticos', 220.00, 'RS1234', 26, '67676767676');
INSERT INTO consulta (id_consulta, data, diagnostico, custo, crmv_vet, id_animal, cpf_dono) VALUES (27, '2025-08-13', 'Consulta geriátrica', 150.00, 'RS2345', 27, '78787878787');
INSERT INTO consulta (id_consulta, data, diagnostico, custo, crmv_vet, id_animal, cpf_dono) VALUES (28, '2025-08-14', 'Problemas neurológicos', 300.00, 'RS3456', 28, '89898989898');
INSERT INTO consulta (id_consulta, data, diagnostico, custo, crmv_vet, id_animal, cpf_dono) VALUES (29, '2025-08-15', 'Vacinação V8', 90.00, 'RS4567', 29, '90909090909');
INSERT INTO consulta (id_consulta, data, diagnostico, custo, crmv_vet, id_animal, cpf_dono) VALUES (30, '2025-08-16', 'Problemas de tireoide', 180.00, 'RS5678', 30, '01010101010');
INSERT INTO consulta (id_consulta, data, diagnostico, custo, crmv_vet, id_animal, cpf_dono) VALUES (31, '2025-08-17', 'Cirurgia de catarata', 450.00, 'BA1234', 31, '11122233344');
INSERT INTO consulta (id_consulta, data, diagnostico, custo, crmv_vet, id_animal, cpf_dono) VALUES (32, '2025-08-18', 'Problemas de coluna', 250.00, 'BA2345', 32, '22233344455');
INSERT INTO consulta (id_consulta, data, diagnostico, custo, crmv_vet, id_animal, cpf_dono) VALUES (33, '2025-08-19', 'Consulta pré-natal', 150.00, 'BA3456', 33, '33344455566');
INSERT INTO consulta (id_consulta, data, diagnostico, custo, crmv_vet, id_animal, cpf_dono) VALUES (34, '2025-08-20', 'Problemas de audição', 120.00, 'BA4567', 34, '44455566677');
INSERT INTO consulta (id_consulta, data, diagnostico, custo, crmv_vet, id_animal, cpf_dono) VALUES (35, '2025-08-21', 'Exame de fezes', 80.00, 'BA5678', 35, '55566677788');
INSERT INTO consulta (id_consulta, data, diagnostico, custo, crmv_vet, id_animal, cpf_dono) VALUES (36, '2025-08-22', 'Problemas de próstata', 200.00, 'ES1234', 36, '66677788899');
INSERT INTO consulta (id_consulta, data, diagnostico, custo, crmv_vet, id_animal, cpf_dono) VALUES (37, '2025-08-23', 'Consulta emergencial', 300.00, 'ES2345', 37, '77788899900');
INSERT INTO consulta (id_consulta, data, diagnostico, custo, crmv_vet, id_animal, cpf_dono) VALUES (38, '2025-08-24', 'Problemas de vesícula', 180.00, 'ES3456', 38, '88899900011');
INSERT INTO consulta (id_consulta, data, diagnostico, custo, crmv_vet, id_animal, cpf_dono) VALUES (39, '2025-08-25', 'Eutanásia', 150.00, 'ES4567', 39, '99900011122');
INSERT INTO consulta (id_consulta, data, diagnostico, custo, crmv_vet, id_animal, cpf_dono) VALUES (40, '2025-08-25', 'Eutanásia', 150.00, 'ES4567', 40, '23410316304');

--Laudo
INSERT INTO laudo (id_laudo, detalhes, exames_solicitados, id_consulta) VALUES (1, 'Otite diagnosticada após avaliação. Prescrito antibiótico.', 'Otoscopia, Cultura', 1);
INSERT INTO laudo (id_laudo, detalhes, exames_solicitados, id_consulta) VALUES (2, 'Animal saudável, sem alterações significativas.', 'Hemograma completo', 2);
INSERT INTO laudo (id_laudo, detalhes, exames_solicitados, id_consulta) VALUES (3, 'Gastrite diagnosticada. Recomendada dieta leve.', 'Exame de fezes', 3);
INSERT INTO laudo (id_laudo, detalhes, exames_solicitados, id_consulta) VALUES (4, 'Ferimento limpo e suturado. Prescrito antibiótico.', 'Raio-X', 4);
INSERT INTO laudo (id_laudo, detalhes, exames_solicitados, id_consulta) VALUES (5, 'Vacinação aplicada sem reações adversas.', NULL, 5);
INSERT INTO laudo (id_laudo, detalhes, exames_solicitados, id_consulta) VALUES (6, 'Dermatite alérgica diagnosticada. Prescrito shampoo medicinal.', 'Raspado de pele', 6);
INSERT INTO laudo (id_laudo, detalhes, exames_solicitados, id_consulta) VALUES (7, 'Castração realizada com sucesso. Sem complicações.', NULL, 7);
INSERT INTO laudo (id_laudo, detalhes, exames_solicitados, id_consulta) VALUES (8, 'Artrite inicial. Recomendado suplemento articular.', 'Raio-X articular', 8);
INSERT INTO laudo (id_laudo, detalhes, exames_solicitados, id_consulta) VALUES (9, 'Hemograma dentro dos parâmetros normais.', 'Hemograma completo', 9);
INSERT INTO laudo (id_laudo, detalhes, exames_solicitados, id_consulta) VALUES (10, 'Bronquite diagnosticada. Prescrito broncodilatador.', 'Raio-X torácico', 10);
INSERT INTO laudo (id_laudo, detalhes, exames_solicitados, id_consulta) VALUES (11, 'Animal saudável, sem alterações significativas.', NULL, 11);
INSERT INTO laudo (id_laudo, detalhes, exames_solicitados, id_consulta) VALUES (12, 'Tumor removido com margem de segurança. Enviado para biópsia.', 'Biópsia', 12);
INSERT INTO laudo (id_laudo, detalhes, exames_solicitados, id_consulta) VALUES (13, 'Conjuntivite diagnosticada. Prescrito colírio antibiótico.', NULL, 13);
INSERT INTO laudo (id_laudo, detalhes, exames_solicitados, id_consulta) VALUES (14, 'Vacinação aplicada sem reações adversas.', NULL, 14);
INSERT INTO laudo (id_laudo, detalhes, exames_solicitados, id_consulta) VALUES (15, 'Intoxicação por alimento estragado. Tratamento de suporte.', 'Toxicologia', 15);
INSERT INTO laudo (id_laudo, detalhes, exames_solicitados, id_consulta) VALUES (16, 'Fratura reduzida e imobilizada. Cirurgia necessária.', 'Raio-X pós-redução', 16);
INSERT INTO laudo (id_laudo, detalhes, exames_solicitados, id_consulta) VALUES (17, 'Sopro cardíaco detectado. Recomendado ecocardiograma.', 'Eletrocardiograma', 17);
INSERT INTO laudo (id_laudo, detalhes, exames_solicitados, id_consulta) VALUES (18, 'Tártaro removido. Dentes polidos. Sem extrações necessárias.', NULL, 18);
INSERT INTO laudo (id_laudo, detalhes, exames_solicitados, id_consulta) VALUES (19, 'Cicatrização dentro do esperado. Sem sinais de infecção.', NULL, 19);
INSERT INTO laudo (id_laudo, detalhes, exames_solicitados, id_consulta) VALUES (20, 'Insuficiência renal crônica. Iniciado tratamento.', 'Urinálise, USG', 20);
INSERT INTO laudo (id_laudo, detalhes, exames_solicitados, id_consulta) VALUES (21, 'Vacinação aplicada sem reações adversas.', NULL, 21);
INSERT INTO laudo (id_laudo, detalhes, exames_solicitados, id_consulta) VALUES (22, 'Alergia a proteína de frango. Recomendada dieta hipoalergênica.', 'Teste alérgico', 22);
INSERT INTO laudo (id_laudo, detalhes, exames_solicitados, id_consulta) VALUES (23, 'Comportamento ansioso. Recomendado enriquecimento ambiental.', NULL, 23);
INSERT INTO laudo (id_laudo, detalhes, exames_solicitados, id_consulta) VALUES (24, 'Hérnia umbilical corrigida cirurgicamente. Sem complicações.', NULL, 24);
INSERT INTO laudo (id_laudo, detalhes, exames_solicitados, id_consulta) VALUES (25, 'Ultrassom abdominal sem alterações significativas.', 'USG abdominal', 25);
INSERT INTO laudo (id_laudo, detalhes, exames_solicitados, id_consulta) VALUES (26, 'Enzimas hepáticas elevadas. Recomendado tratamento.', 'Perfil hepático', 26);
INSERT INTO laudo (id_laudo, detalhes, exames_solicitados, id_consulta) VALUES (27, 'Exame geriátrico dentro do esperado para a idade.', 'Hemograma, USG', 27);
INSERT INTO laudo (id_laudo, detalhes, exames_solicitados, id_consulta) VALUES (28, 'Sinais neurológicos sugestivos de AVC. Tratamento iniciado.', 'Tomografia', 28);
INSERT INTO laudo (id_laudo, detalhes, exames_solicitados, id_consulta) VALUES (29, 'Vacinação aplicada sem reações adversas.', NULL, 29);
INSERT INTO laudo (id_laudo, detalhes, exames_solicitados, id_consulta) VALUES (30, 'Hipotireoidismo confirmado. Iniciado tratamento hormonal.', 'T4, TSH', 30);
INSERT INTO laudo (id_laudo, detalhes, exames_solicitados, id_consulta) VALUES (31, 'Catarata bilateral. Cirurgia realizada com sucesso.', NULL, 31);
INSERT INTO laudo (id_laudo, detalhes, exames_solicitados, id_consulta) VALUES (32, 'Hérnia de disco diagnosticada. Tratamento conservador.', 'Ressonância', 32);
INSERT INTO laudo (id_laudo, detalhes, exames_solicitados, id_consulta) VALUES (33, 'Gestação confirmada. 4 fetos visíveis no ultrassom.', 'USG obstétrico', 33);
INSERT INTO laudo (id_laudo, detalhes, exames_solicitados, id_consulta) VALUES (34, 'Perda auditiva relacionada à idade. Sem tratamento específico.', NULL, 34);
INSERT INTO laudo (id_laudo, detalhes, exames_solicitados, id_consulta) VALUES (35, 'Parasitas intestinais detectados. Vermifugação aplicada.', 'Exame de fezes', 35);
INSERT INTO laudo (id_laudo, detalhes, exames_solicitados, id_consulta) VALUES (36, 'Hiperplasia prostática benigna. Recomendada castração.', 'USG prostática', 36);
INSERT INTO laudo (id_laudo, detalhes, exames_solicitados, id_consulta) VALUES (37, 'Trauma por atropelamento. Estabilizado após tratamento.', 'Raio-X múltiplo', 37);
INSERT INTO laudo (id_laudo, detalhes, exames_solicitados, id_consulta) VALUES (38, 'Colecistite diagnosticada. Tratamento clínico iniciado.', 'USG abdominal', 38);
INSERT INTO laudo (id_laudo, detalhes, exames_solicitados, id_consulta) VALUES (39, 'Eutanásia realizada humanitariamente devido a câncer terminal.', NULL, 39);
INSERT INTO laudo (id_laudo, detalhes, exames_solicitados, id_consulta) VALUES (40, 'Muito perigoso para estar vivo.', NULL, 40);

--Laudo medicamento
INSERT INTO laudo_medicamento (id_laudo, id_medicamento) VALUES (1, 1);
INSERT INTO laudo_medicamento (id_laudo, id_medicamento) VALUES (2, 2);
INSERT INTO laudo_medicamento (id_laudo, id_medicamento) VALUES (3, 3);
INSERT INTO laudo_medicamento (id_laudo, id_medicamento) VALUES (4, 4);
INSERT INTO laudo_medicamento (id_laudo, id_medicamento) VALUES (5, 5);
INSERT INTO laudo_medicamento (id_laudo, id_medicamento) VALUES (6, 6);
INSERT INTO laudo_medicamento (id_laudo, id_medicamento) VALUES (7, 7);
INSERT INTO laudo_medicamento (id_laudo, id_medicamento) VALUES (8, 8);
INSERT INTO laudo_medicamento (id_laudo, id_medicamento) VALUES (9, 9);
INSERT INTO laudo_medicamento (id_laudo, id_medicamento) VALUES (10, 10);
INSERT INTO laudo_medicamento (id_laudo, id_medicamento) VALUES (11, 11);
INSERT INTO laudo_medicamento (id_laudo, id_medicamento) VALUES (12, 12);
INSERT INTO laudo_medicamento (id_laudo, id_medicamento) VALUES (13, 13);
INSERT INTO laudo_medicamento (id_laudo, id_medicamento) VALUES (14, 14);
INSERT INTO laudo_medicamento (id_laudo, id_medicamento) VALUES (15, 15);
INSERT INTO laudo_medicamento (id_laudo, id_medicamento) VALUES (16, 16);
INSERT INTO laudo_medicamento (id_laudo, id_medicamento) VALUES (17, 17);
INSERT INTO laudo_medicamento (id_laudo, id_medicamento) VALUES (18, 18);
INSERT INTO laudo_medicamento (id_laudo, id_medicamento) VALUES (19, 19);
INSERT INTO laudo_medicamento (id_laudo, id_medicamento) VALUES (20, 20);
INSERT INTO laudo_medicamento (id_laudo, id_medicamento) VALUES (21, 21);
INSERT INTO laudo_medicamento (id_laudo, id_medicamento) VALUES (22, 22);
INSERT INTO laudo_medicamento (id_laudo, id_medicamento) VALUES (23, 23);
INSERT INTO laudo_medicamento (id_laudo, id_medicamento) VALUES (24, 24);
INSERT INTO laudo_medicamento (id_laudo, id_medicamento) VALUES (25, 25);
INSERT INTO laudo_medicamento (id_laudo, id_medicamento) VALUES (26, 26);
INSERT INTO laudo_medicamento (id_laudo, id_medicamento) VALUES (27, 27);
INSERT INTO laudo_medicamento (id_laudo, id_medicamento) VALUES (28, 28);
INSERT INTO laudo_medicamento (id_laudo, id_medicamento) VALUES (29, 29);
INSERT INTO laudo_medicamento (id_laudo, id_medicamento) VALUES (30, 30);
INSERT INTO laudo_medicamento (id_laudo, id_medicamento) VALUES (31, 31);
INSERT INTO laudo_medicamento (id_laudo, id_medicamento) VALUES (32, 32);
INSERT INTO laudo_medicamento (id_laudo, id_medicamento) VALUES (33, 33);
INSERT INTO laudo_medicamento (id_laudo, id_medicamento) VALUES (34, 34);
INSERT INTO laudo_medicamento (id_laudo, id_medicamento) VALUES (35, 35);
INSERT INTO laudo_medicamento (id_laudo, id_medicamento) VALUES (36, 36);
INSERT INTO laudo_medicamento (id_laudo, id_medicamento) VALUES (37, 37);
INSERT INTO laudo_medicamento (id_laudo, id_medicamento) VALUES (38, 38);
INSERT INTO laudo_medicamento (id_laudo, id_medicamento) VALUES (39, 39);
INSERT INTO laudo_medicamento (id_laudo, id_medicamento) VALUES (40, 40);

--Medicamento espécie
INSERT INTO medicamento_especie (id_medicamento, id_especie, contraindicacao) VALUES (1, 1, 'Contraindicado para filhotes com menos de 3 meses.');
INSERT INTO medicamento_especie (id_medicamento, id_especie, contraindicacao) VALUES (2, 2, 'Evitar uso prolongado em gatos.');
INSERT INTO medicamento_especie (id_medicamento, id_especie, contraindicacao) VALUES (3, 3, 'Não usar em aves reprodutoras.');
INSERT INTO medicamento_especie (id_medicamento, id_especie, contraindicacao) VALUES (4, 4, 'Contraindicado para roedores gestantes.');
INSERT INTO medicamento_especie (id_medicamento, id_especie, contraindicacao) VALUES (5, 5, 'Evitar em répteis com problemas hepáticos.');
INSERT INTO medicamento_especie (id_medicamento, id_especie, contraindicacao) VALUES (6, 6, 'Não usar em peixes de água doce.');
INSERT INTO medicamento_especie (id_medicamento, id_especie, contraindicacao) VALUES (7, 7, 'Contraindicado para potros.');
INSERT INTO medicamento_especie (id_medicamento, id_especie, contraindicacao) VALUES (8, 8, 'Evitar em vacas leiteiras.');
INSERT INTO medicamento_especie (id_medicamento, id_especie, contraindicacao) VALUES (9, 9, 'Não usar em porcos em crescimento.');
INSERT INTO medicamento_especie (id_medicamento, id_especie, contraindicacao) VALUES (10, 10, 'Contraindicado para cabritos.');
INSERT INTO medicamento_especie (id_medicamento, id_especie, contraindicacao) VALUES (11, 11, 'Evitar em ovelhas gestantes.');
INSERT INTO medicamento_especie (id_medicamento, id_especie, contraindicacao) VALUES (12, 12, 'Não usar em coelhos com menos de 6 meses.');
INSERT INTO medicamento_especie (id_medicamento, id_especie, contraindicacao) VALUES (13, 13, 'Contraindicado para ferrets idosos.');
INSERT INTO medicamento_especie (id_medicamento, id_especie, contraindicacao) VALUES (14, 14, 'Evitar em tartarugas aquáticas.');
INSERT INTO medicamento_especie (id_medicamento, id_especie, contraindicacao) VALUES (15, 15, 'Não usar em hamsters anões.');
INSERT INTO medicamento_especie (id_medicamento, id_especie, contraindicacao) VALUES (16, 16, 'Contraindicado para porquinhos-da-índia com menos de 1 ano.');
INSERT INTO medicamento_especie (id_medicamento, id_especie, contraindicacao) VALUES (17, 17, 'Evitar em chinchilas estressadas.');
INSERT INTO medicamento_especie (id_medicamento, id_especie, contraindicacao) VALUES (18, 18, 'Não usar em iguanas juvenis.');
INSERT INTO medicamento_especie (id_medicamento, id_especie, contraindicacao) VALUES (19, 19, 'Contraindicado para cobras em muda.');
INSERT INTO medicamento_especie (id_medicamento, id_especie, contraindicacao) VALUES (20, 20, 'Evitar em lagartos doentes.');
INSERT INTO medicamento_especie (id_medicamento, id_especie, contraindicacao) VALUES (21, 21, 'Não usar em pássaros canoros em reprodução.');
INSERT INTO medicamento_especie (id_medicamento, id_especie, contraindicacao) VALUES (22, 22, 'Contraindicado para papagaios idosos.');
INSERT INTO medicamento_especie (id_medicamento, id_especie, contraindicacao) VALUES (23, 23, 'Evitar em calopsitas com menos de 1 ano.');
INSERT INTO medicamento_especie (id_medicamento, id_especie, contraindicacao) VALUES (24, 24, 'Não usar em periquitos debilitados.');
INSERT INTO medicamento_especie (id_medicamento, id_especie, contraindicacao) VALUES (25, 25, 'Contraindicado para cacatuas alimentando filhotes.');
INSERT INTO medicamento_especie (id_medicamento, id_especie, contraindicacao) VALUES (26, 26, 'Evitar em pôneis com cólica.');
INSERT INTO medicamento_especie (id_medicamento, id_especie, contraindicacao) VALUES (27, 27, 'Não usar em asnos desidratados.');
INSERT INTO medicamento_especie (id_medicamento, id_especie, contraindicacao) VALUES (28, 28, 'Contraindicado para búfalos em lactação.');
INSERT INTO medicamento_especie (id_medicamento, id_especie, contraindicacao) VALUES (29, 29, 'Evitar em camelos no deserto.');
INSERT INTO medicamento_especie (id_medicamento, id_especie, contraindicacao) VALUES (30, 30, 'Não usar em lhamas estressadas.');
INSERT INTO medicamento_especie (id_medicamento, id_especie, contraindicacao) VALUES (31, 31, 'Contraindicado para alpacas com anemia.');
INSERT INTO medicamento_especie (id_medicamento, id_especie, contraindicacao) VALUES (32, 32, 'Evitar em gansos reprodutores.');
INSERT INTO medicamento_especie (id_medicamento, id_especie, contraindicacao) VALUES (33, 33, 'Não usar em patos jovens.');
INSERT INTO medicamento_especie (id_medicamento, id_especie, contraindicacao) VALUES (34, 34, 'Contraindicado para galinhas poedeiras.');
INSERT INTO medicamento_especie (id_medicamento, id_especie, contraindicacao) VALUES (35, 35, 'Evitar em perus em crescimento.');
INSERT INTO medicamento_especie (id_medicamento, id_especie, contraindicacao) VALUES (36, 36, 'Não usar em pombos mensageiros.');
INSERT INTO medicamento_especie (id_medicamento, id_especie, contraindicacao) VALUES (37, 37, 'Contraindicado para faisões em muda.');
INSERT INTO medicamento_especie (id_medicamento, id_especie, contraindicacao) VALUES (38, 38, 'Evitar em avestruzes jovens.');
INSERT INTO medicamento_especie (id_medicamento, id_especie, contraindicacao) VALUES (39, 39, 'Não usar em emas reprodutoras.');
INSERT INTO medicamento_especie (id_medicamento, id_especie, contraindicacao) VALUES (40, 40, 'A menos que queira mata-lo, dagões não podem tomar.');